epoch,time,train/box_loss,train/cls_loss,train/dfl_loss,metrics/precision(B),metrics/recall(B),metrics/mAP50(B),metrics/mAP50-95(B),val/box_loss,val/cls_loss,val/dfl_loss,lr/pg0,lr/pg1,lr/pg2
1,175.136,1.74694,2.40204,1.5985,0.52469,0.42424,0.43721,0.20365,1.85951,1.96457,1.66686,0.0700394,0.00332896,0.00332896
2,391.954,1.74228,1.89298,1.60103,0.50206,0.46203,0.42593,0.18789,1.9244,2.16992,1.82717,0.0399734,0.00659634,0.00659634
3,578.139,1.80091,1.89224,1.66085,0.43294,0.29114,0.2828,0.12283,2.17218,2.56123,1.99549,0.00984146,0.00979771,0.00979771
4,739.357,1.85542,1.9654,1.7274,0.54729,0.43863,0.45166,0.20082,1.9896,1.94837,1.8623,0.009703,0.009703,0.009703
5,912.05,1.81473,1.89063,1.68556,0.59093,0.48178,0.516,0.23658,1.91283,1.80584,1.76998,0.009604,0.009604,0.009604
6,1088.73,1.78802,1.84246,1.67641,0.57577,0.47115,0.47885,0.21581,1.9119,1.98912,1.78959,0.009505,0.009505,0.009505
7,1270.27,1.76194,1.77384,1.64894,0.59986,0.47046,0.51318,0.24076,1.91296,1.77886,1.7914,0.009406,0.009406,0.009406
8,1427.23,1.74428,1.71518,1.6538,0.6269,0.48868,0.53991,0.26023,1.85663,1.7205,1.7513,0.009307,0.009307,0.009307
9,1582.53,1.72445,1.69715,1.63759,0.66327,0.50584,0.56703,0.27007,1.8557,1.67149,1.71796,0.009208,0.009208,0.009208
